music_id,seq_id,comment
96209810,2,I
69014196,2,[ ]DENTITY
78766102,2,アガット
38556629,2,アガット [ 2 ]
86221988,2,アストライアの双皿
90760688,2,Anubis
31864666,2,Our Faith [ 2 ]
21912238,2,Ignis Danse
70401948,2,1116
25822016,2,Insanity
86891582,2,veRtrageS
45287832,2,Welcome to the Mosh Pit
95813126,2,VOLAQUAS
71481528,2,VOLAQUAS -GITADO ROCK ver.-
80401748,2,AIR RAID FROM THA UNDAGROUND
80488131,2,AIR RAID FROM THA UNDAGROUND [ 2 ]
44317258,2,Everybody's Rich
71833278,2,X-ray binary
59871483,2,Evans
75708486,2,Elemental Creation
38690018,2,OVERHEAT -Type J-
62233223,2,GAIA
16580492,2,Garakuta Doll Play
90871924,2,きたさいたま2000
10429194,2,Catch Our Fire!
31350243,2,Capitalism Cannon
95541707,2,QQ
71588407,2,Crackpot Evangelist
52100153,2,Glitter Flatter Scatter
96312088,2,Cleopatrysm
80861996,2,croiX
96085235,2,Go Beyond!!
16485380,2,Confiserie
67494878,2,THE LAST OF FIREFACE
42747309,2,此岸の戯事
93455464,2,灼熱Beach Side Bunny
79662312,2,少年は空を辿る
22601746,2,JOMANDA
10456845,2,Singularity
39693677,2,スーパー戦湯ババンバーン
88782471,2,Stand Alone Beat Masta
84059908,2,StrayedCatz
99868652,2,スノーホワイト
10564761,2,世界の果てに約束の凱歌を -jubeat edition-
22827894,2,XENOViA
51076281,2,千年ノ理 [ 2 ]
22260840,2,Sol Cosine Job 2
57051826,2,Time Lapse
86597057,1,Thanatøs
86597057,2,Thanatøs
81841520,2,DOUBLE IMPACT
75958326,2,CHERNOBOG
72286665,2,DIAVOLO
68487003,2,Duality
68500959,2,Too Late Snow [ 2 ]
11557003,2,True Blue [ 2 ]
44237248,2,ドーパミン
32493613,2,Thor's Hammer
34981760,2,IX
58189606,2,Niflheimr
86120863,2,Nature (jubeat version)
26689902,2,Never See You Again
17765003,2,neu
99440992,2,パピポペピプペパ
51581262,2,"ピアノ独奏無言歌 ""灰燼"""
76663724,2,Beastie Starter
85205721,2,BEAT-NEW-WORLD
49806690,2,Hero Revealed
37250399,2,Beyond the BLUE
53743550,2,Boomy and The Boost
47040022,2,4x4 Parallel Universe
22755571,2,fallen leaves
38472017,2,Prowler
34850727,2,FLOWER
51665960,2,FLOWER (BEMANI SYMPHONY Arr.)
32734305,2,Proof of the existence [ 2 ]
89165674,2,Prey
24950642,2,pray nightly
20356991,2,Prayer
90512825,2,Hexer
86693326,2,pedigree
83121687,2,Hopeful Frontier!!!
13414719,2,POLICY BREAK Medley from SOUND VOLTEX×jubeat
56377933,2,Midnight City Warfare
24925584,1,Megalara Garuda
24925584,2,Megalara Garuda
29587963,2,Riot of Color
58172715,2,Rampage☆Rag
99611365,2,Reach The Sky
71640525,2,Lisa-RICCIA
45161618,2,リリーゼと炎龍レーヴァテイン
92673621,2,Reincarnation Of Dead Petal
64944942,2,霖が哭く
29946212,2,RUINA
35725097,2,RAISE YOUR HEADS UP
36477210,2,Roll the Dice
18041879,2,Lost Dream
98312654,2,ROCK ju
36662014,2,Wowie Zowie!
97423720,2,海神 (BEMANI SYMPHONY Arr.)
50561040,2,One More Reason